commodity,elasticity
AGRICULTURE,-0.2078786523676199
MANUFACTURE,-0.2548668844624212
SERVICES,-0.08
STEEL,-0.6192399026380648
CHEMICAL,-0.686889888407823
ENERGY,-0.6413459122978517
TRANSPORTATION,-0.6526791734696664
