commodity,elasticity
AGRICULTURE,0.3029401744331047
MANUFACTURE,0.9701125790338104
SERVICES,1.0468664905037608
STEEL,1.0547717755126909
CHEMICAL,1.0324420348909034
ENERGY,1.0326450275157113
TRANSPORTATION,1.0063644172583308
