commodity,elasticity
AGRICULTURE,0.2521708867616272
MANUFACTURE,1.3967581439448438
SERVICES,1.2911524864583543
STEEL,1.26
CHEMICAL,1.26
ENERGY,1.036036644156218
TRANSPORTATION,1.6799999999999995
