commodity,elasticity
AGRICULTURE,0.2119630181060594
MANUFACTURE,0.6400196740729468
SERVICES,0.6639437883866757
STEEL,0.6192717494828777
CHEMICAL,0.700592692146352
ENERGY,0.6989090924695497
TRANSPORTATION,0.6916223864955123
