commodity,elasticity
MANUFACTURE,-0.254866884462422
TRANSPORTATION,-0.652679173469666
CHEMICAL,-0.686889888407823
ENERGY,-0.641345912297852
SERVICES,-0.159609421348106
AGRICULTURE,-0.20787865236762
STEEL,-0.619239902638065
