commodity,elasticity
SERVICES,1.04686649050376
TRANSPORTATION,1.00636441725833
AGRICULTURE,0.302940174433105
CHEMICAL,1.0324420348909
MANUFACTURE,0.970112579033811
STEEL,1.05477177551269
ENERGY,1.03264502751571
