commodity,elasticity
SERVICES,0.663943788386676
TRANSPORTATION,0.691622386495512
AGRICULTURE,0.211963018106059
CHEMICAL,0.700592692146352
MANUFACTURE,0.640019674072947
STEEL,0.619271749482878
ENERGY,0.69890909246955
